SERIAL_NUMBER,MODEL_NAME,CARTON_NO,PALLET_NO,VENDOR_SN,ASY_B,HW,FW,DESCRIPTION,SKU,INNER_CARTON_NO,PO_NUMBER,BUNDLE,DN,H_H_PARTNUMBER
BHRC1714LH003585-C,DOORBELL_V3,76006,ASSY0175B037,9884E3BCCF2E,4/11/17 10:10,36,1.6.297,Satin Nickel - FR,8VR1S5-SFC0,CPTHASSY07201704110634,100185, ,2170903148,3A014CF00-600-GA01
BHRC1714LH003586-C,DOORBELL_V3,76004,ASSY0175B037,9884E3BCCA74,4/11/17 10:40,36,1.6.297,Satin Nickel - FR,8VR1S5-SFC0,CPTHASSY07201704110675,100185, ,2170903148,3A014CF00-600-GA01
BHRC1714LH003587-C,DOORBELL_V3,76007,ASSY0175B037,E8EB110ADB58,4/11/17 10:40,36,1.6.297,Satin Nickel - FR,8VR1S5-SFC0,CPTHASSY07201704110695,100185, ,2170903148,3A014CF00-600-GA01
BHRC1714LH003588-C,DOORBELL_V3,76099,ASSY0175B037,9884E3DBE14B,4/11/17 13:35,36,1.6.297,Satin Nickel - FR,8VR1S5-SFC0,CPTHASSY07201704110870,100185, ,2170903148,3A014CF00-600-GA01
BHRC1714LH003589-C,DOORBELL_V3,76004,ASSY0175B037,E8EB11096E97,4/11/17 10:08,36,1.6.297,Satin Nickel - FR,8VR1S5-SFC0,CPTHASSY07201704110675,100185, ,2170903148,3A014CF00-600-GA01
BHRC1714LH003590-C,DOORBELL_V3,76006,ASSY0175B037,E8EB110B17CA,4/11/17 10:08,36,1.6.297,Satin Nickel - FR,8VR1S5-SFC0,CPTHASSY07201704110634,100185, ,2170903148,3A014CF00-600-GA01
BHRC1714LH003591-C,DOORBELL_V3,76004,ASSY0175B037,E8EB1109268B,4/11/17 9:48,36,1.6.297,Satin Nickel - FR,8VR1S5-SFC0,CPTHASSY07201704110675,100185, ,2170903148,3A014CF00-600-GA01
BHRC1714LH003592-C,DOORBELL_V3,76004,ASSY0175B037,9884E3470771,4/11/17 9:38,36,1.6.297,Satin Nickel - FR,8VR1S5-SFC0,CPTHASSY07201704110675,100185, ,2170903148,3A014CF00-600-GA01
BHRC1714LH003593-C,DOORBELL_V3,76005,ASSY0175B037,E8EB110B0D20,4/11/17 9:34,36,1.6.297,Satin Nickel - FR,8VR1S5-SFC0,CPTHASSY07201704110631,100185, ,2170903148,3A014CF00-600-GA01
BHRC1714LH003594-C,DOORBELL_V3,76002,ASSY0175B037,9884E3BCCF12,4/11/17 10:09,36,1.6.297,Satin Nickel - FR,8VR1S5-SFC0,CPTHASSY07201704110629,100185, ,2170903148,3A014CF00-600-GA01
BHRC1714LH003595-C,DOORBELL_V3,76005,ASSY0175B037,9884E347E22C,4/11/17 10:09,36,1.6.297,Satin Nickel - FR,8VR1S5-SFC0,CPTHASSY07201704110631,100185, ,2170903148,3A014CF00-600-GA01
BHRC1714LH003596-C,DOORBELL_V3,76006,ASSY0175B037,E8EB110ADEB2,4/11/17 10:38,36,1.6.297,Satin Nickel - FR,8VR1S5-SFC0,CPTHASSY07201704110634,100185, ,2170903148,3A014CF00-600-GA01
BHRC1714LH003597-C,DOORBELL_V3,76007,ASSY0175B037,E8EB11092553,4/11/17 10:48,36,1.6.297,Satin Nickel - FR,8VR1S5-SFC0,CPTHASSY07201704110695,100185, ,2170903148,3A014CF00-600-GA01
BHRC1714LH003598-C,DOORBELL_V3,76005,ASSY0175B037,9884E346FDD8,4/11/17 9:38,36,1.6.297,Satin Nickel - FR,8VR1S5-SFC0,CPTHASSY07201704110631,100185, ,2170903148,3A014CF00-600-GA01
BHRC1714LH003599-C,DOORBELL_V3,76002,ASSY0175B037,E8EB11096D1D,4/11/17 9:35,36,1.6.297,Satin Nickel - FR,8VR1S5-SFC0,CPTHASSY07201704110629,100185, ,2170903148,3A014CF00-600-GA01
BHRC1714LH003600-C,DOORBELL_V3,76002,ASSY0175B037,9884E3BCC8F0,4/11/17 9:35,36,1.6.297,Satin Nickel - FR,8VR1S5-SFC0,CPTHASSY07201704110629,100185, ,2170903148,3A014CF00-600-GA01
BHRC1714LH003601-C,DOORBELL_V3,76006,ASSY0175B037,9884E3265E8A,4/11/17 9:49,36,1.6.297,Satin Nickel - FR,8VR1S5-SFC0,CPTHASSY07201704110634,100185, ,2170903148,3A014CF00-600-GA01
BHRC1714LH003602-C,DOORBELL_V3,76006,ASSY0175B037,E8EB110B0A08,4/11/17 10:39,36,1.6.297,Satin Nickel - FR,8VR1S5-SFC0,CPTHASSY07201704110634,100185, ,2170903148,3A014CF00-600-GA01
BHRC1714LH003603-C,DOORBELL_V3,76028,ASSY0175B037,9884E3BCB94F,4/11/17 10:59,36,1.6.297,Satin Nickel - FR,8VR1S5-SFC0,CPTHASSY07201704110643,100185, ,2170903148,3A014CF00-600-GA01
BHRC1714LH003604-C,DOORBELL_V3,76002,ASSY0175B037,9884E3BCD260,4/11/17 9:35,36,1.6.297,Satin Nickel - FR,8VR1S5-SFC0,CPTHASSY07201704110629,100185, ,2170903148,3A014CF00-600-GA01
BHRC1714LH003605-C,DOORBELL_V3,76028,ASSY0175B037,E8EB110F1B41,4/11/17 9:35,36,1.6.297,Satin Nickel - FR,8VR1S5-SFC0,CPTHASSY07201704110643,100185, ,2170903148,3A014CF00-600-GA01
BHRC1714LH003606-C,DOORBELL_V3,76005,ASSY0175B037,E8EB110B199E,4/11/17 10:11,36,1.6.297,Satin Nickel - FR,8VR1S5-SFC0,CPTHASSY07201704110631,100185, ,2170903148,3A014CF00-600-GA01
BHRC1714LH003607-C,DOORBELL_V3,76002,ASSY0175B037,9884E347EE55,4/11/17 9:36,36,1.6.297,Satin Nickel - FR,8VR1S5-SFC0,CPTHASSY07201704110629,100185, ,2170903148,3A014CF00-600-GA01
BHRC1714LH003608-C,DOORBELL_V3,76006,ASSY0175B037,E8EB110B09AF,4/11/17 11:00,36,1.6.297,Satin Nickel - FR,8VR1S5-SFC0,CPTHASSY07201704110634,100185, ,2170903148,3A014CF00-600-GA01
BHRC1714LH003609-C,DOORBELL_V3,76007,ASSY0175B037,9884E347F317,4/11/17 12:21,36,1.6.297,Satin Nickel - FR,8VR1S5-SFC0,CPTHASSY07201704110695,100185, ,2170903148,3A014CF00-600-GA01
BHRC1714LH003610-C,DOORBELL_V3,76002,ASSY0175B037,E8EB110AE0BF,4/11/17 9:38,36,1.6.297,Satin Nickel - FR,8VR1S5-SFC0,CPTHASSY07201704110629,100185, ,2170903148,3A014CF00-600-GA01
BHRC1714LH003611-C,DOORBELL_V3,76002,ASSY0175B037,E8EB110F1D06,4/11/17 9:36,36,1.6.297,Satin Nickel - FR,8VR1S5-SFC0,CPTHASSY07201704110629,100185, ,2170903148,3A014CF00-600-GA01
BHRC1714LH003612-C,DOORBELL_V3,76004,ASSY0175B037,9884E3498159,4/11/17 11:00,36,1.6.297,Satin Nickel - FR,8VR1S5-SFC0,CPTHASSY07201704110675,100185, ,2170903148,3A014CF00-600-GA01
BHRC1714LH003613-C,DOORBELL_V3,76005,ASSY0175B037,9884E347F137,4/11/17 9:37,36,1.6.297,Satin Nickel - FR,8VR1S5-SFC0,CPTHASSY07201704110631,100185, ,2170903148,3A014CF00-600-GA01
BHRC1714LH003614-C,DOORBELL_V3,76099,ASSY0175B037,E8EB110AFB78,4/11/17 10:41,36,1.6.297,Satin Nickel - FR,8VR1S5-SFC0,CPTHASSY07201704110870,100185, ,2170903148,3A014CF00-600-GA01
BHRC1714LH003615-C,DOORBELL_V3,76028,ASSY0175B037,9884E3BCCD94,4/11/17 10:54,36,1.6.297,Satin Nickel - FR,8VR1S5-SFC0,CPTHASSY07201704110643,100185, ,2170903148,3A014CF00-600-GA01
BHRC1714LH003616-C,DOORBELL_V3,76006,ASSY0175B037,9884E347F315,4/11/17 9:36,36,1.6.297,Satin Nickel - FR,8VR1S5-SFC0,CPTHASSY07201704110634,100185, ,2170903148,3A014CF00-600-GA01
BHRC1714LH003617-C,DOORBELL_V3,76005,ASSY0175B037,E8EB110B17CE,4/11/17 10:13,36,1.6.297,Satin Nickel - FR,8VR1S5-SFC0,CPTHASSY07201704110631,100185, ,2170903148,3A014CF00-600-GA01
BHRC1714LH003618-C,DOORBELL_V3,76099,ASSY0175B037,9884E321A816,4/11/17 16:28,36,1.6.297,Satin Nickel - FR,8VR1S5-SFC0,CPTHASSY07201704110870,100185, ,2170903148,3A014CF00-600-GA01
BHRC1714LH003619-C,DOORBELL_V3,76007,ASSY0175B037,38D269D5C8A3,4/11/17 10:59,36,1.6.297,Satin Nickel - FR,8VR1S5-SFC0,CPTHASSY07201704110695,100185, ,2170903148,3A014CF00-600-GA01
BHRC1714LH003620-C,DOORBELL_V3,76028,ASSY0175B037,9884E321A80C,4/11/17 13:32,36,1.6.297,Satin Nickel - FR,8VR1S5-SFC0,CPTHASSY07201704110643,100185, ,2170903148,3A014CF00-600-GA01
BHRC1714LH003621-C,DOORBELL_V3,76099,ASSY0175B037,9884E321A0E1,4/11/17 16:29,36,1.6.297,Satin Nickel - FR,8VR1S5-SFC0,CPTHASSY07201704110870,100185, ,2170903148,3A014CF00-600-GA01
BHRC1714LH003622-C,DOORBELL_V3,76007,ASSY0175B037,E8EB110B17D5,4/11/17 10:49,36,1.6.297,Satin Nickel - FR,8VR1S5-SFC0,CPTHASSY07201704110695,100185, ,2170903148,3A014CF00-600-GA01
BHRC1714LH003623-C,DOORBELL_V3,76005,ASSY0175B037,9884E3265EDA,4/11/17 9:48,36,1.6.297,Satin Nickel - FR,8VR1S5-SFC0,CPTHASSY07201704110631,100185, ,2170903148,3A014CF00-600-GA01
BHRC1714LH003624-C,DOORBELL_V3,76005,ASSY0175B037,E8EB11096B3B,4/11/17 10:09,36,1.6.297,Satin Nickel - FR,8VR1S5-SFC0,CPTHASSY07201704110631,100185, ,2170903148,3A014CF00-600-GA01
BHRC1714LH003625-C,DOORBELL_V3,76007,ASSY0175B037,E8EB11092C19,4/11/17 10:43,36,1.6.297,Satin Nickel - FR,8VR1S5-SFC0,CPTHASSY07201704110695,100185, ,2170903148,3A014CF00-600-GA01
BHRC1714LH003626-C,DOORBELL_V3,76099,ASSY0175B037,9884E3262FF1,4/11/17 9:49,36,1.6.297,Satin Nickel - FR,8VR1S5-SFC0,CPTHASSY07201704110870,100185, ,2170903148,3A014CF00-600-GA01
BHRC1714LH003627-C,DOORBELL_V3,76028,ASSY0175B037,9884E3BCCDB8,4/11/17 10:06,36,1.6.297,Satin Nickel - FR,8VR1S5-SFC0,CPTHASSY07201704110643,100185, ,2170903148,3A014CF00-600-GA01
BHRC1714LH003628-C,DOORBELL_V3,76006,ASSY0175B037,E8EB11096D6F,4/11/17 10:05,36,1.6.297,Satin Nickel - FR,8VR1S5-SFC0,CPTHASSY07201704110634,100185, ,2170903148,3A014CF00-600-GA01
BHRC1714LH003629-C,DOORBELL_V3,76005,ASSY0175B037,E8EB11096E98,4/11/17 10:06,36,1.6.297,Satin Nickel - FR,8VR1S5-SFC0,CPTHASSY07201704110631,100185, ,2170903148,3A014CF00-600-GA01
BHRC1714LH003630-C,DOORBELL_V3,76004,ASSY0175B037,9884E3DCFB61,4/11/17 10:14,36,1.6.297,Satin Nickel - FR,8VR1S5-SFC0,CPTHASSY07201704110675,100185, ,2170903148,3A014CF00-600-GA01
BHRC1714LH003631-C,DOORBELL_V3,76002,ASSY0175B037,E8EB1109761D,4/11/17 10:06,36,1.6.297,Satin Nickel - FR,8VR1S5-SFC0,CPTHASSY07201704110629,100185, ,2170903148,3A014CF00-600-GA01
BHRC1714LH003632-C,DOORBELL_V3,76006,ASSY0175B037,9884E32660EA,4/11/17 10:04,36,1.6.297,Satin Nickel - FR,8VR1S5-SFC0,CPTHASSY07201704110634,100185, ,2170903148,3A014CF00-600-GA01
BHRC1714LH003633-C,DOORBELL_V3,76006,ASSY0175B037,E8EB110924CC,4/11/17 10:56,36,1.6.297,Satin Nickel - FR,8VR1S5-SFC0,CPTHASSY07201704110634,100185, ,2170903148,3A014CF00-600-GA01
BHRC1714LH003634-C,DOORBELL_V3,76004,ASSY0175B037,9884E3266782,4/11/17 10:07,36,1.6.297,Satin Nickel - FR,8VR1S5-SFC0,CPTHASSY07201704110675,100185, ,2170903148,3A014CF00-600-GA01
BHRC1714LH003635-C,DOORBELL_V3,76028,ASSY0175B037,9884E3265EF6,4/11/17 10:04,36,1.6.297,Satin Nickel - FR,8VR1S5-SFC0,CPTHASSY07201704110643,100185, ,2170903148,3A014CF00-600-GA01
BHRC1714LH003636-C,DOORBELL_V3,76028,ASSY0175B037,9884E321A553,4/11/17 13:32,36,1.6.297,Satin Nickel - FR,8VR1S5-SFC0,CPTHASSY07201704110643,100185, ,2170903148,3A014CF00-600-GA01
BHRC1714LH003637-C,DOORBELL_V3,76006,ASSY0175B037,9884E3BCCA52,4/11/17 10:04,36,1.6.297,Satin Nickel - FR,8VR1S5-SFC0,CPTHASSY07201704110634,100185, ,2170903148,3A014CF00-600-GA01
BHRC1714LH003638-C,DOORBELL_V3,76099,ASSY0175B037,E8EB110922A6,4/11/17 10:46,36,1.6.297,Satin Nickel - FR,8VR1S5-SFC0,CPTHASSY07201704110870,100185, ,2170903148,3A014CF00-600-GA01
BHRC1714LH003639-C,DOORBELL_V3,76007,ASSY0175B037,9884E3BCCA2A,4/11/17 10:55,36,1.6.297,Satin Nickel - FR,8VR1S5-SFC0,CPTHASSY07201704110695,100185, ,2170903148,3A014CF00-600-GA01
BHRC1714LH003640-C,DOORBELL_V3,76006,ASSY0175B037,9884E3BCCF10,4/11/17 10:05,36,1.6.297,Satin Nickel - FR,8VR1S5-SFC0,CPTHASSY07201704110634,100185, ,2170903148,3A014CF00-600-GA01
BHRC1714LH003641-C,DOORBELL_V3,76099,ASSY0175B037,9884E3BCC722,4/11/17 11:01,36,1.6.297,Satin Nickel - FR,8VR1S5-SFC0,CPTHASSY07201704110870,100185, ,2170903148,3A014CF00-600-GA01
BHRC1714LH003642-C,DOORBELL_V3,76007,ASSY0175B037,E8EB110B0C22,4/11/17 11:01,36,1.6.297,Satin Nickel - FR,8VR1S5-SFC0,CPTHASSY07201704110695,100185, ,2170903148,3A014CF00-600-GA01
BHRC1714LH003643-C,DOORBELL_V3,76099,ASSY0175B037,9884E3BCBD7A,4/11/17 10:53,36,1.6.297,Satin Nickel - FR,8VR1S5-SFC0,CPTHASSY07201704110870,100185, ,2170903148,3A014CF00-600-GA01
BHRC1714LH003644-C,DOORBELL_V3,76099,ASSY0175B037,9884E3DBE597,4/11/17 13:35,36,1.6.297,Satin Nickel - FR,8VR1S5-SFC0,CPTHASSY07201704110870,100185, ,2170903148,3A014CF00-600-GA01
BHRC1714LH003645-C,DOORBELL_V3,76002,ASSY0175B037,9884E3BCCDF1,4/11/17 10:01,36,1.6.297,Satin Nickel - FR,8VR1S5-SFC0,CPTHASSY07201704110629,100185, ,2170903148,3A014CF00-600-GA01
BHRC1714LH003646-C,DOORBELL_V3,76004,ASSY0175B037,9884E326668D,4/11/17 10:01,36,1.6.297,Satin Nickel - FR,8VR1S5-SFC0,CPTHASSY07201704110675,100185, ,2170903148,3A014CF00-600-GA01
BHRC1714LH003647-C,DOORBELL_V3,76005,ASSY0175B037,E8EB110B17E8,4/11/17 10:49,36,1.6.297,Satin Nickel - FR,8VR1S5-SFC0,CPTHASSY07201704110631,100185, ,2170903148,3A014CF00-600-GA01
BHRC1714LH003648-C,DOORBELL_V3,76007,ASSY0175B037,E8EB11097393,4/11/17 10:53,36,1.6.297,Satin Nickel - FR,8VR1S5-SFC0,CPTHASSY07201704110695,100185, ,2170903148,3A014CF00-600-GA01
BHRC1714LH003649-C,DOORBELL_V3,76002,ASSY0175B037,E8EB11092A03,4/11/17 10:01,36,1.6.297,Satin Nickel - FR,8VR1S5-SFC0,CPTHASSY07201704110629,100185, ,2170903148,3A014CF00-600-GA01
BHRC1714LH003650-C,DOORBELL_V3,76028,ASSY0175B037,9884E3BCCC43,4/11/17 10:54,36,1.6.297,Satin Nickel - FR,8VR1S5-SFC0,CPTHASSY07201704110643,100185, ,2170903148,3A014CF00-600-GA01
BHRC1714LH003651-C,DOORBELL_V3,76004,ASSY0175B037,9884E3BCC38B,4/11/17 10:55,36,1.6.297,Satin Nickel - FR,8VR1S5-SFC0,CPTHASSY07201704110675,100185, ,2170903148,3A014CF00-600-GA01
BHRC1714LH003652-C,DOORBELL_V3,76099,ASSY0175B037,9884E3219BAC,4/11/17 16:28,36,1.6.297,Satin Nickel - FR,8VR1S5-SFC0,CPTHASSY07201704110870,100185, ,2170903148,3A014CF00-600-GA01
BHRC1714LH003653-C,DOORBELL_V3,76099,ASSY0175B037,9884E321A1CF,4/11/17 16:30,36,1.6.297,Satin Nickel - FR,8VR1S5-SFC0,CPTHASSY07201704110870,100185, ,2170903148,3A014CF00-600-GA01
BHRC1714LH003654-C,DOORBELL_V3,76099,ASSY0175B037,9884E3240F4B,4/11/17 14:02,36,1.6.297,Satin Nickel - FR,8VR1S5-SFC0,CPTHASSY07201704110870,100185, ,2170903148,3A014CF00-600-GA01
BHRC1714LH003655-C,DOORBELL_V3,76007,ASSY0175B037,606405CAF80B,4/11/17 12:26,36,1.6.297,Satin Nickel - FR,8VR1S5-SFC0,CPTHASSY07201704110695,100185, ,2170903148,3A014CF00-600-GA01
BHRC1714LH003656-C,DOORBELL_V3,76099,ASSY0175B037,9884E32AB028,4/11/17 16:29,36,1.6.297,Satin Nickel - FR,8VR1S5-SFC0,CPTHASSY07201704110870,100185, ,2170903148,3A014CF00-600-GA01
BHRC1714LH003657-C,DOORBELL_V3,76099,ASSY0175B037,9884E34B1E94,4/11/17 16:30,36,1.6.297,Satin Nickel - FR,8VR1S5-SFC0,CPTHASSY07201704110870,100185, ,2170903148,3A014CF00-600-GA01
BHRC1714LH003658-C,DOORBELL_V3,76028,ASSY0175B037,9884E321A555,4/11/17 13:32,36,1.6.297,Satin Nickel - FR,8VR1S5-SFC0,CPTHASSY07201704110643,100185, ,2170903148,3A014CF00-600-GA01
BHRC1714LH003659-C,DOORBELL_V3,76007,ASSY0175B037,9884E347F34F,4/11/17 12:20,36,1.6.297,Satin Nickel - FR,8VR1S5-SFC0,CPTHASSY07201704110695,100185, ,2170903148,3A014CF00-600-GA01
BHRC1714LH003660-C,DOORBELL_V3,76007,ASSY0175B037,9884E3263210,4/11/17 10:51,36,1.6.297,Satin Nickel - FR,8VR1S5-SFC0,CPTHASSY07201704110695,100185, ,2170903148,3A014CF00-600-GA01
BHRC1714LH003661-C,DOORBELL_V3,76099,ASSY0175B037,E8EB110B0A3D,4/11/17 10:51,36,1.6.297,Satin Nickel - FR,8VR1S5-SFC0,CPTHASSY07201704110870,100185, ,2170903148,3A014CF00-600-GA01
BHRC1714LH003662-C,DOORBELL_V3,76006,ASSY0175B037,9884E3486185,4/11/17 10:51,36,1.6.297,Satin Nickel - FR,8VR1S5-SFC0,CPTHASSY07201704110634,100185, ,2170903148,3A014CF00-600-GA01
BHRC1714LH003663-C,DOORBELL_V3,76006,ASSY0175B037,9884E326653A,4/11/17 10:01,36,1.6.297,Satin Nickel - FR,8VR1S5-SFC0,CPTHASSY07201704110634,100185, ,2170903148,3A014CF00-600-GA01
BHRC1714LH003664-C,DOORBELL_V3,76028,ASSY0175B037,E8EB11092C14,4/11/17 10:47,36,1.6.297,Satin Nickel - FR,8VR1S5-SFC0,CPTHASSY07201704110643,100185, ,2170903148,3A014CF00-600-GA01
BHRC1714LH003665-C,DOORBELL_V3,76005,ASSY0175B037,9884E3BCCD8B,4/11/17 10:08,36,1.6.297,Satin Nickel - FR,8VR1S5-SFC0,CPTHASSY07201704110631,100185, ,2170903148,3A014CF00-600-GA01
BHRC1714LH003666-C,DOORBELL_V3,76099,ASSY0175B037,9884E32662EB,4/11/17 10:04,36,1.6.297,Satin Nickel - FR,8VR1S5-SFC0,CPTHASSY07201704110870,100185, ,2170903148,3A014CF00-600-GA01
BHRC1714LH003667-C,DOORBELL_V3,76004,ASSY0175B037,E8EB110922DD,4/11/17 10:46,36,1.6.297,Satin Nickel - FR,8VR1S5-SFC0,CPTHASSY07201704110675,100185, ,2170903148,3A014CF00-600-GA01
BHRC1714LH003668-C,DOORBELL_V3,76005,ASSY0175B037,9884E3BCC577,4/11/17 10:43,36,1.6.297,Satin Nickel - FR,8VR1S5-SFC0,CPTHASSY07201704110631,100185, ,2170903148,3A014CF00-600-GA01
BHRC1714LH003669-C,DOORBELL_V3,76007,ASSY0175B037,E8EB11092EAD,4/11/17 10:47,36,1.6.297,Satin Nickel - FR,8VR1S5-SFC0,CPTHASSY07201704110695,100185, ,2170903148,3A014CF00-600-GA01
BHRC1714LH003670-C,DOORBELL_V3,76028,ASSY0175B037,E8EB11092300,4/11/17 10:47,36,1.6.297,Satin Nickel - FR,8VR1S5-SFC0,CPTHASSY07201704110643,100185, ,2170903148,3A014CF00-600-GA01
BHRC1714LH003671-C,DOORBELL_V3,76006,ASSY0175B037,9884E3BC5E2C,4/11/17 10:51,36,1.6.297,Satin Nickel - FR,8VR1S5-SFC0,CPTHASSY07201704110634,100185, ,2170903148,3A014CF00-600-GA01
BHRC1714LH003672-C,DOORBELL_V3,76006,ASSY0175B037,E8EB11092A51,4/11/17 10:43,36,1.6.297,Satin Nickel - FR,8VR1S5-SFC0,CPTHASSY07201704110634,100185, ,2170903148,3A014CF00-600-GA01
BHRC1714LH003673-C,DOORBELL_V3,76028,ASSY0175B037,9884E3497AB7,4/11/17 10:51,36,1.6.297,Satin Nickel - FR,8VR1S5-SFC0,CPTHASSY07201704110643,100185, ,2170903148,3A014CF00-600-GA01
BHRC1714LH003674-C,DOORBELL_V3,76007,ASSY0175B037,E8EB11092556,4/11/17 10:47,36,1.6.297,Satin Nickel - FR,8VR1S5-SFC0,CPTHASSY07201704110695,100185, ,2170903148,3A014CF00-600-GA01
BHRC1714LH003675-C,DOORBELL_V3,76006,ASSY0175B037,9884E3BCCDB4,4/11/17 10:00,36,1.6.297,Satin Nickel - FR,8VR1S5-SFC0,CPTHASSY07201704110634,100185, ,2170903148,3A014CF00-600-GA01
BHRC1714LH003676-C,DOORBELL_V3,76004,ASSY0175B037,9884E326321A,4/11/17 10:22,36,1.6.297,Satin Nickel - FR,8VR1S5-SFC0,CPTHASSY07201704110675,100185, ,2170903148,3A014CF00-600-GA01
BHRC1714LH003677-C,DOORBELL_V3,76028,ASSY0175B037,606405CB8CA9,4/11/17 13:36,36,1.6.297,Satin Nickel - FR,8VR1S5-SFC0,CPTHASSY07201704110643,100185, ,2170903148,3A014CF00-600-GA01
BHRC1714LH003678-C,DOORBELL_V3,76099,ASSY0175B037,9884E31FB277,4/11/17 13:02,36,1.6.297,Satin Nickel - FR,8VR1S5-SFC0,CPTHASSY07201704110870,100185, ,2170903148,3A014CF00-600-GA01
BHRC1714LH003679-C,DOORBELL_V3,76007,ASSY0175B037,9884E3266378,4/11/17 12:14,36,1.6.297,Satin Nickel - FR,8VR1S5-SFC0,CPTHASSY07201704110695,100185, ,2170903148,3A014CF00-600-GA01
BHRC1714LH003680-C,DOORBELL_V3,76099,ASSY0175B037,9884E32AB4E0,4/11/17 13:37,36,1.6.297,Satin Nickel - FR,8VR1S5-SFC0,CPTHASSY07201704110870,100185, ,2170903148,3A014CF00-600-GA01
BHRC1714LH003681-C,DOORBELL_V3,76006,ASSY0175B037,E8EB11092A35,4/11/17 10:06,36,1.6.297,Satin Nickel - FR,8VR1S5-SFC0,CPTHASSY07201704110634,100185, ,2170903148,3A014CF00-600-GA01
BHRC1714LH003682-C,DOORBELL_V3,76004,ASSY0175B037,E8EB11092A07,4/11/17 10:29,36,1.6.297,Satin Nickel - FR,8VR1S5-SFC0,CPTHASSY07201704110675,100185, ,2170903148,3A014CF00-600-GA01
BHRC1714LH003683-C,DOORBELL_V3,76005,ASSY0175B037,9884E3BCBD0E,4/11/17 10:14,36,1.6.297,Satin Nickel - FR,8VR1S5-SFC0,CPTHASSY07201704110631,100185, ,2170903148,3A014CF00-600-GA01
BHRC1714LH003684-C,DOORBELL_V3,76007,ASSY0175B037,9884E3DCFBF8,4/11/17 10:18,36,1.6.297,Satin Nickel - FR,8VR1S5-SFC0,CPTHASSY07201704110695,100185, ,2170903148,3A014CF00-600-GA01
BHRC1714LH003685-C,DOORBELL_V3,76005,ASSY0175B037,9884E3E84809,4/11/17 10:12,36,1.6.297,Satin Nickel - FR,8VR1S5-SFC0,CPTHASSY07201704110631,100185, ,2170903148,3A014CF00-600-GA01
BHRC1714LH003686-C,DOORBELL_V3,76004,ASSY0175B037,9884E3BCBAB1,4/11/17 10:17,36,1.6.297,Satin Nickel - FR,8VR1S5-SFC0,CPTHASSY07201704110675,100185, ,2170903148,3A014CF00-600-GA01
BHRC1714LH003687-C,DOORBELL_V3,76028,ASSY0175B037,E8EB110F03D5,4/11/17 13:01,36,1.6.297,Satin Nickel - FR,8VR1S5-SFC0,CPTHASSY07201704110643,100185, ,2170903148,3A014CF00-600-GA01
BHRC1714LH003688-C,DOORBELL_V3,76006,ASSY0175B037,9884E32662BB,4/11/17 10:19,36,1.6.297,Satin Nickel - FR,8VR1S5-SFC0,CPTHASSY07201704110634,100185, ,2170903148,3A014CF00-600-GA01
BHRC1714LH003689-C,DOORBELL_V3,76004,ASSY0175B037,9884E3BCBAA8,4/11/17 10:17,36,1.6.297,Satin Nickel - FR,8VR1S5-SFC0,CPTHASSY07201704110675,100185, ,2170903148,3A014CF00-600-GA01
BHRC1714LH003690-C,DOORBELL_V3,76002,ASSY0175B037,9884E3BCC72A,4/11/17 10:10,36,1.6.297,Satin Nickel - FR,8VR1S5-SFC0,CPTHASSY07201704110629,100185, ,2170903148,3A014CF00-600-GA01
BHRC1714LH003691-C,DOORBELL_V3,76004,ASSY0175B037,E8EB110B0119,4/11/17 10:18,36,1.6.297,Satin Nickel - FR,8VR1S5-SFC0,CPTHASSY07201704110675,100185, ,2170903148,3A014CF00-600-GA01
BHRC1714LH003692-C,DOORBELL_V3,76005,ASSY0175B037,E8EB11092178,4/11/17 9:22,36,1.6.297,Satin Nickel - FR,8VR1S5-SFC0,CPTHASSY07201704110631,100185, ,2170903148,3A014CF00-600-GA01
BHRC1714LH003693-C,DOORBELL_V3,76028,ASSY0175B037,9884E321AF54,4/11/17 14:24,36,1.6.297,Satin Nickel - FR,8VR1S5-SFC0,CPTHASSY07201704110643,100185, ,2170903148,3A014CF00-600-GA01
BHRC1714LH003694-C,DOORBELL_V3,76007,ASSY0175B037,E8EB110B0623,4/11/17 10:38,36,1.6.297,Satin Nickel - FR,8VR1S5-SFC0,CPTHASSY07201704110695,100185, ,2170903148,3A014CF00-600-GA01
BHRC1714LH003695-C,DOORBELL_V3,76005,ASSY0175B037,E8EB11097111,4/11/17 10:09,36,1.6.297,Satin Nickel - FR,8VR1S5-SFC0,CPTHASSY07201704110631,100185, ,2170903148,3A014CF00-600-GA01
BHRC1714LH003696-C,DOORBELL_V3,76002,ASSY0175B037,9884E3BCC734,4/11/17 9:48,36,1.6.297,Satin Nickel - FR,8VR1S5-SFC0,CPTHASSY07201704110629,100185, ,2170903148,3A014CF00-600-GA01
BHRC1714LH003697-C,DOORBELL_V3,76007,ASSY0175B037,9884E3BCCDA5,4/11/17 10:46,36,1.6.297,Satin Nickel - FR,8VR1S5-SFC0,CPTHASSY07201704110695,100185, ,2170903148,3A014CF00-600-GA01
BHRC1714LH003698-C,DOORBELL_V3,76099,ASSY0175B037,E8EB110F0196,4/11/17 13:00,36,1.6.297,Satin Nickel - FR,8VR1S5-SFC0,CPTHASSY07201704110870,100185, ,2170903148,3A014CF00-600-GA01
BHRC1714LH003699-C,DOORBELL_V3,76005,ASSY0175B037,E8EB11096A72,4/11/17 10:05,36,1.6.297,Satin Nickel - FR,8VR1S5-SFC0,CPTHASSY07201704110631,100185, ,2170903148,3A014CF00-600-GA01
BHRC1714LH003700-C,DOORBELL_V3,76028,ASSY0175B037,9884E31FAECE,4/11/17 13:02,36,1.6.297,Satin Nickel - FR,8VR1S5-SFC0,CPTHASSY07201704110643,100185, ,2170903148,3A014CF00-600-GA01
BHRC1714LH003701-C,DOORBELL_V3,76006,ASSY0175B037,E8EB110B1C21,4/11/17 9:36,36,1.6.297,Satin Nickel - FR,8VR1S5-SFC0,CPTHASSY07201704110634,100185, ,2170903148,3A014CF00-600-GA01
BHRC1714LH003702-C,DOORBELL_V3,76028,ASSY0175B037,E8EB110F19B1,4/11/17 10:09,36,1.6.297,Satin Nickel - FR,8VR1S5-SFC0,CPTHASSY07201704110643,100185, ,2170903148,3A014CF00-600-GA01
BHRC1714LH003703-C,DOORBELL_V3,76099,ASSY0175B037,9884E3470008,4/11/17 12:59,36,1.6.297,Satin Nickel - FR,8VR1S5-SFC0,CPTHASSY07201704110870,100185, ,2170903148,3A014CF00-600-GA01
BHRC1714LH003704-C,DOORBELL_V3,76028,ASSY0175B037,9884E31FB256,4/11/17 13:03,36,1.6.297,Satin Nickel - FR,8VR1S5-SFC0,CPTHASSY07201704110643,100185, ,2170903148,3A014CF00-600-GA01
BHRC1714LH003705-C,DOORBELL_V3,76028,ASSY0175B037,9884E3BCD22D,4/11/17 10:11,36,1.6.297,Satin Nickel - FR,8VR1S5-SFC0,CPTHASSY07201704110643,100185, ,2170903148,3A014CF00-600-GA01
BHRC1714LH003706-C,DOORBELL_V3,76099,ASSY0175B037,9884E32198B1,4/11/17 16:30,36,1.6.297,Satin Nickel - FR,8VR1S5-SFC0,CPTHASSY07201704110870,100185, ,2170903148,3A014CF00-600-GA01
BHRC1714LH003707-C,DOORBELL_V3,76007,ASSY0175B037,9884E3BCBAD0,4/11/17 10:58,36,1.6.297,Satin Nickel - FR,8VR1S5-SFC0,CPTHASSY07201704110695,100185, ,2170903148,3A014CF00-600-GA01
BHRC1714LH003708-C,DOORBELL_V3,76028,ASSY0175B037,9884E3BCBAD1,4/11/17 10:15,36,1.6.297,Satin Nickel - FR,8VR1S5-SFC0,CPTHASSY07201704110643,100185, ,2170903148,3A014CF00-600-GA01
BHRC1714LH003709-C,DOORBELL_V3,76002,ASSY0175B037,9884E346FDB7,4/11/17 9:23,36,1.6.297,Satin Nickel - FR,8VR1S5-SFC0,CPTHASSY07201704110629,100185, ,2170903148,3A014CF00-600-GA01
BHRC1714LH003710-C,DOORBELL_V3,76004,ASSY0175B037,E8EB11096D6A,4/11/17 10:08,36,1.6.297,Satin Nickel - FR,8VR1S5-SFC0,CPTHASSY07201704110675,100185, ,2170903148,3A014CF00-600-GA01
BHRC1714LH003711-C,DOORBELL_V3,76005,ASSY0175B037,9884E3BCC0C2,4/11/17 9:35,36,1.6.297,Satin Nickel - FR,8VR1S5-SFC0,CPTHASSY07201704110631,100185, ,2170903148,3A014CF00-600-GA01
BHRC1714LH003712-C,DOORBELL_V3,76002,ASSY0175B037,E8EB110F19EE,4/11/17 9:37,36,1.6.297,Satin Nickel - FR,8VR1S5-SFC0,CPTHASSY07201704110629,100185, ,2170903148,3A014CF00-600-GA01
BHRC1714LH003713-C,DOORBELL_V3,76028,ASSY0175B037,E8EB110EFE61,4/11/17 13:02,36,1.6.297,Satin Nickel - FR,8VR1S5-SFC0,CPTHASSY07201704110643,100185, ,2170903148,3A014CF00-600-GA01
BHRC1714LH003714-C,DOORBELL_V3,76028,ASSY0175B037,9884E3BCCA0F,4/11/17 14:11,36,1.6.297,Satin Nickel - FR,8VR1S5-SFC0,CPTHASSY07201704110643,100185, ,2170903148,3A014CF00-600-GA01
BHRC1714LH003715-C,DOORBELL_V3,76099,ASSY0175B037,9884E34B1DA0,4/11/17 16:30,36,1.6.297,Satin Nickel - FR,8VR1S5-SFC0,CPTHASSY07201704110870,100185, ,2170903148,3A014CF00-600-GA01
BHRC1714LH003716-C,DOORBELL_V3,76002,ASSY0175B037,E8EB110B1507,4/11/17 9:33,36,1.6.297,Satin Nickel - FR,8VR1S5-SFC0,CPTHASSY07201704110629,100185, ,2170903148,3A014CF00-600-GA01
BHRC1714LH003717-C,DOORBELL_V3,76028,ASSY0175B037,9884E3212FB2,4/11/17 11:06,36,1.6.297,Satin Nickel - FR,8VR1S5-SFC0,CPTHASSY07201704110643,100185, ,2170903148,3A014CF00-600-GA01
BHRC1714LH003718-C,DOORBELL_V3,76028,ASSY0175B037,9884E34B183D,4/11/17 13:17,36,1.6.297,Satin Nickel - FR,8VR1S5-SFC0,CPTHASSY07201704110643,100185, ,2170903148,3A014CF00-600-GA01
BHRC1714LH003719-C,DOORBELL_V3,76002,ASSY0175B037,9884E3262FE2,4/11/17 10:02,36,1.6.297,Satin Nickel - FR,8VR1S5-SFC0,CPTHASSY07201704110629,100185, ,2170903148,3A014CF00-600-GA01
BHRC1714LH003720-C,DOORBELL_V3,76002,ASSY0175B037,E8EB110F254F,4/11/17 10:10,36,1.6.297,Satin Nickel - FR,8VR1S5-SFC0,CPTHASSY07201704110629,100185, ,2170903148,3A014CF00-600-GA01
BHRC1714LH003721-C,DOORBELL_V3,76002,ASSY0175B037,9884E3BCB95B,4/11/17 9:22,36,1.6.297,Satin Nickel - FR,8VR1S5-SFC0,CPTHASSY07201704110629,100185, ,2170903148,3A014CF00-600-GA01
BHRC1714LH003722-C,DOORBELL_V3,76005,ASSY0175B037,9884E3BCC8CE,4/11/17 10:42,36,1.6.297,Satin Nickel - FR,8VR1S5-SFC0,CPTHASSY07201704110631,100185, ,2170903148,3A014CF00-600-GA01
BHRC1714LH003723-C,DOORBELL_V3,76002,ASSY0175B037,9884E3BCCA4D,4/11/17 10:09,36,1.6.297,Satin Nickel - FR,8VR1S5-SFC0,CPTHASSY07201704110629,100185, ,2170903148,3A014CF00-600-GA01
BHRC1714LH003724-C,DOORBELL_V3,76004,ASSY0175B037,E8EB110AFE83,4/11/17 10:39,36,1.6.297,Satin Nickel - FR,8VR1S5-SFC0,CPTHASSY07201704110675,100185, ,2170903148,3A014CF00-600-GA01
BHRC1714LH003725-C,DOORBELL_V3,76028,ASSY0175B037,E8EB110B0173,4/11/17 12:56,36,1.6.297,Satin Nickel - FR,8VR1S5-SFC0,CPTHASSY07201704110643,100185, ,2170903148,3A014CF00-600-GA01
BHRC1714LH003726-C,DOORBELL_V3,76007,ASSY0175B037,606405CBBBD6,4/11/17 12:29,36,1.6.297,Satin Nickel - FR,8VR1S5-SFC0,CPTHASSY07201704110695,100185, ,2170903148,3A014CF00-600-GA01
BHRC1714LH003727-C,DOORBELL_V3,76028,ASSY0175B037,606405CBB9C3,4/11/17 12:56,36,1.6.297,Satin Nickel - FR,8VR1S5-SFC0,CPTHASSY07201704110643,100185, ,2170903148,3A014CF00-600-GA01
BHRC1714LH003728-C,DOORBELL_V3,76099,ASSY0175B037,9884E321A830,4/11/17 16:28,36,1.6.297,Satin Nickel - FR,8VR1S5-SFC0,CPTHASSY07201704110870,100185, ,2170903148,3A014CF00-600-GA01
BHRC1714LH003729-C,DOORBELL_V3,76004,ASSY0175B037,9884E3265DF5,4/11/17 10:11,36,1.6.297,Satin Nickel - FR,8VR1S5-SFC0,CPTHASSY07201704110675,100185, ,2170903148,3A014CF00-600-GA01
BHRC1714LH003730-C,DOORBELL_V3,76006,ASSY0175B037,9884E32150FA,4/11/17 11:08,36,1.6.297,Satin Nickel - FR,8VR1S5-SFC0,CPTHASSY07201704110634,100185, ,2170903148,3A014CF00-600-GA01
BHRC1714LH003731-C,DOORBELL_V3,76007,ASSY0175B037,9884E3DE2A69,4/11/17 12:37,36,1.6.297,Satin Nickel - FR,8VR1S5-SFC0,CPTHASSY07201704110695,100185, ,2170903148,3A014CF00-600-GA01
BHRC1714LH003732-C,DOORBELL_V3,76007,ASSY0175B037,9884E34705E4,4/11/17 10:18,36,1.6.297,Satin Nickel - FR,8VR1S5-SFC0,CPTHASSY07201704110695,100185, ,2170903148,3A014CF00-600-GA01
BHRC1714LH003733-C,DOORBELL_V3,76007,ASSY0175B037,9884E32666F5,4/11/17 10:08,36,1.6.297,Satin Nickel - FR,8VR1S5-SFC0,CPTHASSY07201704110695,100185, ,2170903148,3A014CF00-600-GA01
BHRC1714LH003734-C,DOORBELL_V3,76006,ASSY0175B037,E8EB110B0A05,4/11/17 10:34,36,1.6.297,Satin Nickel - FR,8VR1S5-SFC0,CPTHASSY07201704110634,100185, ,2170903148,3A014CF00-600-GA01
BHRC1714LH003735-C,DOORBELL_V3,76004,ASSY0175B037,9884E32662DC,4/11/17 10:07,36,1.6.297,Satin Nickel - FR,8VR1S5-SFC0,CPTHASSY07201704110675,100185, ,2170903148,3A014CF00-600-GA01
BHRC1714LH003736-C,DOORBELL_V3,76005,ASSY0175B037,9884E326679D,4/11/17 9:27,36,1.6.297,Satin Nickel - FR,8VR1S5-SFC0,CPTHASSY07201704110631,100185, ,2170903148,3A014CF00-600-GA01
BHRC1714LH003737-C,DOORBELL_V3,76005,ASSY0175B037,9884E3DCFB34,4/11/17 10:17,36,1.6.297,Satin Nickel - FR,8VR1S5-SFC0,CPTHASSY07201704110631,100185, ,2170903148,3A014CF00-600-GA01
BHRC1714LH003738-C,DOORBELL_V3,76006,ASSY0175B037,9884E3265EAF,4/11/17 10:10,36,1.6.297,Satin Nickel - FR,8VR1S5-SFC0,CPTHASSY07201704110634,100185, ,2170903148,3A014CF00-600-GA01
BHRC1714LH003739-C,DOORBELL_V3,76004,ASSY0175B037,E8EB1109253F,4/11/17 10:02,36,1.6.297,Satin Nickel - FR,8VR1S5-SFC0,CPTHASSY07201704110675,100185, ,2170903148,3A014CF00-600-GA01
BHRC1714LH003740-C,DOORBELL_V3,76099,ASSY0175B037,606405CAEF90,4/11/17 13:26,36,1.6.297,Satin Nickel - FR,8VR1S5-SFC0,CPTHASSY07201704110870,100185, ,2170903148,3A014CF00-600-GA01
BHRC1714LH003741-C,DOORBELL_V3,76028,ASSY0175B037,9884E32153DF,4/11/17 13:55,36,1.6.297,Satin Nickel - FR,8VR1S5-SFC0,CPTHASSY07201704110643,100185, ,2170903148,3A014CF00-600-GA01
BHRC1714LH003742-C,DOORBELL_V3,76005,ASSY0175B037,9884E349761F,4/11/17 9:38,36,1.6.297,Satin Nickel - FR,8VR1S5-SFC0,CPTHASSY07201704110631,100185, ,2170903148,3A014CF00-600-GA01
BHRC1714LH003743-C,DOORBELL_V3,76028,ASSY0175B037,9884E3215277,4/11/17 13:50,36,1.6.297,Satin Nickel - FR,8VR1S5-SFC0,CPTHASSY07201704110643,100185, ,2170903148,3A014CF00-600-GA01
BHRC1714LH003744-C,DOORBELL_V3,76004,ASSY0175B037,9884E3BCC3CE,4/11/17 9:31,36,1.6.297,Satin Nickel - FR,8VR1S5-SFC0,CPTHASSY07201704110675,100185, ,2170903148,3A014CF00-600-GA01
BHRC1714LH003745-C,DOORBELL_V3,76002,ASSY0175B037,9884E3266087,4/11/17 9:29,36,1.6.297,Satin Nickel - FR,8VR1S5-SFC0,CPTHASSY07201704110629,100185, ,2170903148,3A014CF00-600-GA01
BHRC1714LH003746-C,DOORBELL_V3,76028,ASSY0175B037,9884E3212A22,4/11/17 13:52,36,1.6.297,Satin Nickel - FR,8VR1S5-SFC0,CPTHASSY07201704110643,100185, ,2170903148,3A014CF00-600-GA01
BHRC1714LH003747-C,DOORBELL_V3,76006,ASSY0175B037,E8EB11096B59,4/11/17 9:28,36,1.6.297,Satin Nickel - FR,8VR1S5-SFC0,CPTHASSY07201704110634,100185, ,2170903148,3A014CF00-600-GA01
BHRC1714LH003748-C,DOORBELL_V3,76006,ASSY0175B037,E8EB110B119A,4/11/17 10:11,36,1.6.297,Satin Nickel - FR,8VR1S5-SFC0,CPTHASSY07201704110634,100185, ,2170903148,3A014CF00-600-GA01
BHRC1714LH003749-C,DOORBELL_V3,76099,ASSY0175B037,9884E3BCBD10,4/11/17 10:53,36,1.6.297,Satin Nickel - FR,8VR1S5-SFC0,CPTHASSY07201704110870,100185, ,2170903148,3A014CF00-600-GA01
BHRC1714LH003750-C,DOORBELL_V3,76007,ASSY0175B037,E8EB110AE082,4/11/17 10:41,36,1.6.297,Satin Nickel - FR,8VR1S5-SFC0,CPTHASSY07201704110695,100185, ,2170903148,3A014CF00-600-GA01
BHRC1714LH003751-C,DOORBELL_V3,76002,ASSY0175B037,9884E34B2CB9,4/11/17 9:27,36,1.6.297,Satin Nickel - FR,8VR1S5-SFC0,CPTHASSY07201704110629,100185, ,2170903148,3A014CF00-600-GA01
BHRC1714LH003752-C,DOORBELL_V3,76005,ASSY0175B037,9884E3266081,4/11/17 9:28,36,1.6.297,Satin Nickel - FR,8VR1S5-SFC0,CPTHASSY07201704110631,100185, ,2170903148,3A014CF00-600-GA01
BHRC1714LH003753-C,DOORBELL_V3,76006,ASSY0175B037,E8EB110B1B7D,4/11/17 9:31,36,1.6.297,Satin Nickel - FR,8VR1S5-SFC0,CPTHASSY07201704110634,100185, ,2170903148,3A014CF00-600-GA01
BHRC1714LH003754-C,DOORBELL_V3,76099,ASSY0175B037,9884E3BCC896,4/11/17 10:49,36,1.6.297,Satin Nickel - FR,8VR1S5-SFC0,CPTHASSY07201704110870,100185, ,2170903148,3A014CF00-600-GA01
BHRC1714LH003755-C,DOORBELL_V3,76004,ASSY0175B037,E8EB110B17CD,4/11/17 9:31,36,1.6.297,Satin Nickel - FR,8VR1S5-SFC0,CPTHASSY07201704110675,100185, ,2170903148,3A014CF00-600-GA01
BHRC1714LH003756-C,DOORBELL_V3,76007,ASSY0175B037,9884E3DCFB4B,4/11/17 10:37,36,1.6.297,Satin Nickel - FR,8VR1S5-SFC0,CPTHASSY07201704110695,100185, ,2170903148,3A014CF00-600-GA01
BHRC1714LH003757-C,DOORBELL_V3,76006,ASSY0175B037,9884E3BCCA6A,4/11/17 10:56,36,1.6.297,Satin Nickel - FR,8VR1S5-SFC0,CPTHASSY07201704110634,100185, ,2170903148,3A014CF00-600-GA01
BHRC1714LH003758-C,DOORBELL_V3,76005,ASSY0175B037,9884E3265EB4,4/11/17 9:29,36,1.6.297,Satin Nickel - FR,8VR1S5-SFC0,CPTHASSY07201704110631,100185, ,2170903148,3A014CF00-600-GA01
BHRC1714LH003759-C,DOORBELL_V3,76006,ASSY0175B037,9884E3BCC3E6,4/11/17 10:37,36,1.6.297,Satin Nickel - FR,8VR1S5-SFC0,CPTHASSY07201704110634,100185, ,2170903148,3A014CF00-600-GA01
BHRC1714LH003760-C,DOORBELL_V3,76002,ASSY0175B037,9884E3BCBC23,4/11/17 9:33,36,1.6.297,Satin Nickel - FR,8VR1S5-SFC0,CPTHASSY07201704110629,100185, ,2170903148,3A014CF00-600-GA01
BHRC1714LH003761-C,DOORBELL_V3,76002,ASSY0175B037,9884E3245DD4,4/11/17 9:35,36,1.6.297,Satin Nickel - FR,8VR1S5-SFC0,CPTHASSY07201704110629,100185, ,2170903148,3A014CF00-600-GA01
BHRC1714LH003762-C,DOORBELL_V3,76028,ASSY0175B037,9884E3BCCC66,4/11/17 9:28,36,1.6.297,Satin Nickel - FR,8VR1S5-SFC0,CPTHASSY07201704110643,100185, ,2170903148,3A014CF00-600-GA01
BHRC1714LH003763-C,DOORBELL_V3,76007,ASSY0175B037,9884E3BCC3D5,4/11/17 9:32,36,1.6.297,Satin Nickel - FR,8VR1S5-SFC0,CPTHASSY07201704110695,100185, ,2170903148,3A014CF00-600-GA01
BHRC1714LH003764-C,DOORBELL_V3,76004,ASSY0175B037,9884E3BC5ADE,4/11/17 9:33,36,1.6.297,Satin Nickel - FR,8VR1S5-SFC0,CPTHASSY07201704110675,100185, ,2170903148,3A014CF00-600-GA01
BHRC1714LH003765-C,DOORBELL_V3,76002,ASSY0175B037,9884E326322B,4/11/17 9:28,36,1.6.297,Satin Nickel - FR,8VR1S5-SFC0,CPTHASSY07201704110629,100185, ,2170903148,3A014CF00-600-GA01
BHRC1714LH003766-C,DOORBELL_V3,76007,ASSY0175B037,9884E3BCC548,4/11/17 10:42,36,1.6.297,Satin Nickel - FR,8VR1S5-SFC0,CPTHASSY07201704110695,100185, ,2170903148,3A014CF00-600-GA01
BHRC1714LH003767-C,DOORBELL_V3,76006,ASSY0175B037,9884E326636D,4/11/17 10:05,36,1.6.297,Satin Nickel - FR,8VR1S5-SFC0,CPTHASSY07201704110634,100185, ,2170903148,3A014CF00-600-GA01
BHRC1714LH003768-C,DOORBELL_V3,76005,ASSY0175B037,E8EB110B0D0F,4/11/17 10:40,36,1.6.297,Satin Nickel - FR,8VR1S5-SFC0,CPTHASSY07201704110631,100185, ,2170903148,3A014CF00-600-GA01
BHRC1714LH003769-C,DOORBELL_V3,76002,ASSY0175B037,E8EB110B1753,4/11/17 10:07,36,1.6.297,Satin Nickel - FR,8VR1S5-SFC0,CPTHASSY07201704110629,100185, ,2170903148,3A014CF00-600-GA01
BHRC1714LH003770-C,DOORBELL_V3,76005,ASSY0175B037,E8EB110974B4,4/11/17 9:29,36,1.6.297,Satin Nickel - FR,8VR1S5-SFC0,CPTHASSY07201704110631,100185, ,2170903148,3A014CF00-600-GA01
BHRC1714LH003771-C,DOORBELL_V3,76005,ASSY0175B037,9884E32662A3,4/11/17 9:29,36,1.6.297,Satin Nickel - FR,8VR1S5-SFC0,CPTHASSY07201704110631,100185, ,2170903148,3A014CF00-600-GA01
BHRC1714LH003772-C,DOORBELL_V3,76005,ASSY0175B037,9884E3BCBC08,4/11/17 9:31,36,1.6.297,Satin Nickel - FR,8VR1S5-SFC0,CPTHASSY07201704110631,100185, ,2170903148,3A014CF00-600-GA01
BHRC1714LH003773-C,DOORBELL_V3,76002,ASSY0175B037,9884E3E846BA,4/11/17 9:30,36,1.6.297,Satin Nickel - FR,8VR1S5-SFC0,CPTHASSY07201704110629,100185, ,2170903148,3A014CF00-600-GA01
BHRC1714LH003774-C,DOORBELL_V3,76002,ASSY0175B037,9884E3266503,4/11/17 9:30,36,1.6.297,Satin Nickel - FR,8VR1S5-SFC0,CPTHASSY07201704110629,100185, ,2170903148,3A014CF00-600-GA01
BHRC1714LH003775-C,DOORBELL_V3,76006,ASSY0175B037,E8EB11096D17,4/11/17 10:10,36,1.6.297,Satin Nickel - FR,8VR1S5-SFC0,CPTHASSY07201704110634,100185, ,2170903148,3A014CF00-600-GA01
BHRC1714LH003776-C,DOORBELL_V3,76002,ASSY0175B037,E8EB1109788C,4/11/17 9:30,36,1.6.297,Satin Nickel - FR,8VR1S5-SFC0,CPTHASSY07201704110629,100185, ,2170903148,3A014CF00-600-GA01
BHRC1714LH003777-C,DOORBELL_V3,76002,ASSY0175B037,E8EB1109765C,4/11/17 10:09,36,1.6.297,Satin Nickel - FR,8VR1S5-SFC0,CPTHASSY07201704110629,100185, ,2170903148,3A014CF00-600-GA01
BHRC1714LH003778-C,DOORBELL_V3,76007,ASSY0175B037,E8EB110B0425,4/11/17 10:20,36,1.6.297,Satin Nickel - FR,8VR1S5-SFC0,CPTHASSY07201704110695,100185, ,2170903148,3A014CF00-600-GA01
BHRC1714LH003779-C,DOORBELL_V3,76006,ASSY0175B037,9884E3497ABD,4/11/17 10:20,36,1.6.297,Satin Nickel - FR,8VR1S5-SFC0,CPTHASSY07201704110634,100185, ,2170903148,3A014CF00-600-GA01
BHRC1714LH003780-C,DOORBELL_V3,76006,ASSY0175B037,E8EB110B0A56,4/11/17 10:40,36,1.6.297,Satin Nickel - FR,8VR1S5-SFC0,CPTHASSY07201704110634,100185, ,2170903148,3A014CF00-600-GA01
BHRC1714LH003781-C,DOORBELL_V3,76007,ASSY0175B037,E8EB110B1785,4/11/17 11:01,36,1.6.297,Satin Nickel - FR,8VR1S5-SFC0,CPTHASSY07201704110695,100185, ,2170903148,3A014CF00-600-GA01
BHRC1714LH003782-C,DOORBELL_V3,76099,ASSY0175B037,9884E3266321,4/11/17 10:02,36,1.6.297,Satin Nickel - FR,8VR1S5-SFC0,CPTHASSY07201704110870,100185, ,2170903148,3A014CF00-600-GA01
BHRC1714LH003783-C,DOORBELL_V3,76028,ASSY0175B037,9884E3BCBD16,4/11/17 10:56,36,1.6.297,Satin Nickel - FR,8VR1S5-SFC0,CPTHASSY07201704110643,100185, ,2170903148,3A014CF00-600-GA01
BHRC1714LH003784-C,DOORBELL_V3,76005,ASSY0175B037,9884E3BCCA48,4/11/17 10:10,36,1.6.297,Satin Nickel - FR,8VR1S5-SFC0,CPTHASSY07201704110631,100185, ,2170903148,3A014CF00-600-GA01
BHRC1714LH003785-C,DOORBELL_V3,76028,ASSY0175B037,9884E34B1778,4/11/17 13:49,36,1.6.297,Satin Nickel - FR,8VR1S5-SFC0,CPTHASSY07201704110643,100185, ,2170903148,3A014CF00-600-GA01
BHRC1714LH003786-C,DOORBELL_V3,76002,ASSY0175B037,E8EB11096B28,4/11/17 9:31,36,1.6.297,Satin Nickel - FR,8VR1S5-SFC0,CPTHASSY07201704110629,100185, ,2170903148,3A014CF00-600-GA01
BHRC1714LH003787-C,DOORBELL_V3,76007,ASSY0175B037,9884E3BCD000,4/11/17 10:49,36,1.6.297,Satin Nickel - FR,8VR1S5-SFC0,CPTHASSY07201704110695,100185, ,2170903148,3A014CF00-600-GA01
BHRC1714LH003788-C,DOORBELL_V3,76004,ASSY0175B037,9884E3262FC5,4/11/17 9:32,36,1.6.297,Satin Nickel - FR,8VR1S5-SFC0,CPTHASSY07201704110675,100185, ,2170903148,3A014CF00-600-GA01
BHRC1714LH003789-C,DOORBELL_V3,76099,ASSY0175B037,9884E3BCBAA1,4/11/17 9:33,36,1.6.297,Satin Nickel - FR,8VR1S5-SFC0,CPTHASSY07201704110870,100185, ,2170903148,3A014CF00-600-GA01
BHRC1714LH003790-C,DOORBELL_V3,76002,ASSY0175B037,9884E34B3064,4/11/17 9:30,36,1.6.297,Satin Nickel - FR,8VR1S5-SFC0,CPTHASSY07201704110629,100185, ,2170903148,3A014CF00-600-GA01
BHRC1714LH003791-C,DOORBELL_V3,76004,ASSY0175B037,E8EB11096D52,4/11/17 10:06,36,1.6.297,Satin Nickel - FR,8VR1S5-SFC0,CPTHASSY07201704110675,100185, ,2170903148,3A014CF00-600-GA01
BHRC1714LH003792-C,DOORBELL_V3,76099,ASSY0175B037,E8EB11092C6A,4/11/17 10:45,36,1.6.297,Satin Nickel - FR,8VR1S5-SFC0,CPTHASSY07201704110870,100185, ,2170903148,3A014CF00-600-GA01
BHRC1714LH003793-C,DOORBELL_V3,76002,ASSY0175B037,9884E3DCFB47,4/11/17 9:34,36,1.6.297,Satin Nickel - FR,8VR1S5-SFC0,CPTHASSY07201704110629,100185, ,2170903148,3A014CF00-600-GA01
BHRC1714LH003794-C,DOORBELL_V3,76004,ASSY0175B037,E8EB11096D25,4/11/17 10:08,36,1.6.297,Satin Nickel - FR,8VR1S5-SFC0,CPTHASSY07201704110675,100185, ,2170903148,3A014CF00-600-GA01
BHRC1714LH003795-C,DOORBELL_V3,76004,ASSY0175B037,9884E3262FED,4/11/17 10:07,36,1.6.297,Satin Nickel - FR,8VR1S5-SFC0,CPTHASSY07201704110675,100185, ,2170903148,3A014CF00-600-GA01
BHRC1714LH003796-C,DOORBELL_V3,76004,ASSY0175B037,9884E3BCC0C5,4/11/17 10:43,36,1.6.297,Satin Nickel - FR,8VR1S5-SFC0,CPTHASSY07201704110675,100185, ,2170903148,3A014CF00-600-GA01
BHRC1714LH003797-C,DOORBELL_V3,76004,ASSY0175B037,9884E346FDF5,4/11/17 10:14,36,1.6.297,Satin Nickel - FR,8VR1S5-SFC0,CPTHASSY07201704110675,100185, ,2170903148,3A014CF00-600-GA01
BHRC1714LH003798-C,DOORBELL_V3,76004,ASSY0175B037,9884E34978A5,4/11/17 9:39,36,1.6.297,Satin Nickel - FR,8VR1S5-SFC0,CPTHASSY07201704110675,100185, ,2170903148,3A014CF00-600-GA01
BHRC1714LH003799-C,DOORBELL_V3,76099,ASSY0175B037,9884E31FB51B,4/11/17 16:29,36,1.6.297,Satin Nickel - FR,8VR1S5-SFC0,CPTHASSY07201704110870,100185, ,2170903148,3A014CF00-600-GA01
BHRC1714LH003800-C,DOORBELL_V3,76005,ASSY0175B037,9884E3BCD04C,4/11/17 9:32,36,1.6.297,Satin Nickel - FR,8VR1S5-SFC0,CPTHASSY07201704110631,100185, ,2170903148,3A014CF00-600-GA01
BHRC1714LH003801-C,DOORBELL_V3,76004,ASSY0175B037,9884E3BCC8AB,4/11/17 10:42,36,1.6.297,Satin Nickel - FR,8VR1S5-SFC0,CPTHASSY07201704110675,100185, ,2170903148,3A014CF00-600-GA01
BHRC1714LH003802-C,DOORBELL_V3,76005,ASSY0175B037,E8EB110922D5,4/11/17 10:45,36,1.6.297,Satin Nickel - FR,8VR1S5-SFC0,CPTHASSY07201704110631,100185, ,2170903148,3A014CF00-600-GA01
BHRC1714LH003803-C,DOORBELL_V3,76007,ASSY0175B037,9884E34860BB,4/11/17 10:50,36,1.6.297,Satin Nickel - FR,8VR1S5-SFC0,CPTHASSY07201704110695,100185, ,2170903148,3A014CF00-600-GA01
BHRC1714LH003804-C,DOORBELL_V3,76004,ASSY0175B037,9884E3470599,4/11/17 9:38,36,1.6.297,Satin Nickel - FR,8VR1S5-SFC0,CPTHASSY07201704110675,100185, ,2170903148,3A014CF00-600-GA01
BHRC1714LH003805-C,DOORBELL_V3,76007,ASSY0175B037,E8EB110F1B11,4/11/17 10:45,36,1.6.297,Satin Nickel - FR,8VR1S5-SFC0,CPTHASSY07201704110695,100185, ,2170903148,3A014CF00-600-GA01
BHRC1714LH003806-C,DOORBELL_V3,76005,ASSY0175B037,9884E3497AD9,4/11/17 10:41,36,1.6.297,Satin Nickel - FR,8VR1S5-SFC0,CPTHASSY07201704110631,100185, ,2170903148,3A014CF00-600-GA01
BHRC1714LH003807-C,DOORBELL_V3,76099,ASSY0175B037,9884E321A387,4/11/17 11:05,36,1.6.297,Satin Nickel - FR,8VR1S5-SFC0,CPTHASSY07201704110870,100185, ,2170903148,3A014CF00-600-GA01
BHRC1714LH003808-C,DOORBELL_V3,76099,ASSY0175B037,E8EB110B0E07,4/11/17 10:34,36,1.6.297,Satin Nickel - FR,8VR1S5-SFC0,CPTHASSY07201704110870,100185, ,2170903148,3A014CF00-600-GA01